cell_line,auroc_mu,auroc_std,pcc_mu,pcc_std
E116,0.9068851266092259,0.0024064489225907944,0.7749560475640648,0.007025365026968033
E122,0.8905679597655123,0.0029963894268450007,0.7233833498765103,0.01536840043941363
E123,0.9267664737702453,0.0028554446257380408,0.8016334751712677,0.011083299512114153
