cell_line,auroc_mu,auroc_std,pcc_mu,pcc_std
E116,0.9066048613643771,0.009987044003754822,0.7641811013777184,0.01663876169138925
E122,0.8924117249238466,0.010572603824662628,0.7236979389728047,0.029949463726850884
E123,0.9182805908068964,0.006656704207871221,0.782799673825882,0.018912920074783218
